field,negative,neutral,positive,total_mentions,mixed
product_quality,76.47058823529412,14.705882352941178,8.823529411764707,34,
user_experience,96.55172413793103,3.4482758620689653,,29,
business_practices,78.37837837837837,21.62162162162162,,37,
financial_performance,31.25,37.5,31.25,16,
publisher_relations,89.47368421052632,,10.526315789473683,19,
advertiser_value,58.82352941176471,5.88235294117647,29.411764705882355,17,5.88235294117647
