field,positive,mixed,negative,total_mentions,neutral
product_quality,23.52941176470588,41.17647058823529,35.294117647058826,17,
user_experience,11.11111111111111,22.22222222222222,66.66666666666666,18,
business_practices,11.76470588235294,23.52941176470588,64.70588235294117,17,
financial_performance,84.61538461538461,,15.384615384615385,13,
publisher_relations,20.0,40.0,30.0,10,10.0
advertiser_value,45.45454545454545,31.818181818181817,18.181818181818183,22,4.545454545454546
