field,negative,positive,neutral,mixed,total_mentions
product_quality,63.888888888888886,20.555555555555554,11.666666666666666,3.888888888888889,360
user_experience,78.91373801916933,13.099041533546327,6.3897763578274756,1.5974440894568689,313
business_practices,64.85849056603774,14.38679245283019,17.92452830188679,2.8301886792452833,424
financial_performance,27.647058823529413,54.70588235294118,15.294117647058824,2.3529411764705883,170
publisher_relations,47.72727272727273,40.15151515151515,9.848484848484848,2.272727272727273,132
advertiser_value,48.821548821548824,29.96632996632997,13.131313131313133,8.080808080808081,297
